resume_id,user_id,filename,has_parsed_json
3,3,resume_3.pdf,1
4,4,resume_4.pdf,1
6,6,resume_6.pdf,1
9,9,resume_9.pdf,1
10,10,resume_10.pdf,1
11,11,resume_11.pdf,1
12,12,resume_12.pdf,1
13,13,resume_13.pdf,1
14,14,resume_14.pdf,1
15,15,resume_15.pdf,1
16,16,resume_16.pdf,1
17,17,resume_17.pdf,1
18,18,resume_18.pdf,1
20,20,resume_20.pdf,1
21,21,resume_21.pdf,1
22,22,resume_22.pdf,1
23,23,resume_23.pdf,1
24,24,resume_24.pdf,1
25,25,resume_25.pdf,1
26,26,resume_26.pdf,1
27,27,resume_27.pdf,1
28,28,resume_28.pdf,1
30,30,resume_30.pdf,1
31,31,resume_31.pdf,1
32,32,resume_32.pdf,1
33,33,resume_33.pdf,1
34,34,resume_34.pdf,1
35,35,resume_35.pdf,1
36,36,resume_36.pdf,1
37,37,resume_37.pdf,1
38,38,resume_38.pdf,1
41,41,resume_41.pdf,1
42,42,resume_42.pdf,1
43,43,resume_43.pdf,1
46,46,resume_46.pdf,1
47,47,resume_47.pdf,1
49,49,resume_49.pdf,1
50,50,resume_50.pdf,1
52,52,resume_52.pdf,1
53,53,resume_53.pdf,1
55,55,resume_55.pdf,1
56,56,resume_56.pdf,1
57,57,resume_57.pdf,1
59,59,resume_59.pdf,1
60,60,resume_60.pdf,1
62,62,resume_62.pdf,1
64,64,resume_64.pdf,1
66,66,resume_66.pdf,1
67,67,resume_67.pdf,1
70,70,resume_70.pdf,1
75,75,resume_75.pdf,1
76,76,resume_76.pdf,1
77,77,resume_77.pdf,1
78,78,resume_78.pdf,1
79,79,resume_79.pdf,1
80,80,resume_80.pdf,1
81,81,resume_81.pdf,1
82,82,resume_82.pdf,1
83,83,resume_83.pdf,1
84,84,resume_84.pdf,1
85,85,resume_85.pdf,1
87,87,resume_87.pdf,1
89,89,resume_89.pdf,1
90,90,resume_90.pdf,1
92,92,resume_92.pdf,1
93,93,resume_93.pdf,1
94,94,resume_94.pdf,1
95,95,resume_95.pdf,1
96,96,resume_96.pdf,1
97,97,resume_97.pdf,1
98,98,resume_98.pdf,1
99,99,resume_99.pdf,1
100,100,resume_100.pdf,1
